日期,市半導體,製造業營業氣候測驗點,股價指數,外銷訂單動向指數,工業及服務業受僱員工淨進入率,M1B,實質半導體設備進口值,建築物開工樓地板面積,工業生產指數,製造業銷售量指數,實質機械及電機設備進口值,電力(企業)總用電量,實質海關出口值,批發、零售及餐飲業營業額,工業及服務業加班工時,全體金融機構放款與投資,製造業單位產出勞動成本指數,五大銀行新承做放款平均利率,失業率,製造業存貨價值,半導體內銷品物價指數,台灣消費者物價指數,消費者物價指數年增率,台灣消費者信心指數,美國央行利率,VIX,中國EPU指數,美國EPU指數,全球GPR指數,美國非農就業人口,美國全品項CPI,美國消費者信心指數,NFCI,CBOE黃金ETF波動率指數,那斯達克指數,費城半導體指數
Jan-11,83.5,103.13,8970.76,38.14,0.13,11489795,38802,1814.389,65.82,78.27,237.48,10.34,750.59,1181.371253,8.8,28966,179.95,1.422,4.64,635378723,102.09,90.25,1.1,86.78,0.17,19.53,155.0462553,111.4928249,79.4216156,130839,221.187,74.2,-0.6047625,18.4965,2717.2085,440.296967
Feb-11,82.74,98.76,8742.56,67.12,-0.1,11627294,37190,1163.07,55.87,63.01,195.66,9.03,626.83,1006.751726,8.2,29026,128.58,1.429,4.69,666295412,102.63,90.93,1.33,85.89,0.16,18.35,59.00743678,104.5623701,90.01448822,131054,221.898,77.5,-0.6267325,16.27052632,2783.535789,458.398193
Mar-11,77.35,99.41,8575.49,51.98,0.47,11481607,44904,2097.23,68.43,81.4,251.26,12.08,814.4,1161.209903,9.2,29078,85.23,1.49,4.48,675152070,103.27,90.13,1.39,83.66,0.14,17.74,120.7701324,153.8417288,136.8883057,131278,223.046,67.5,-0.574405,17.41869565,2722.28913,437.148468
Apr-11,77.24,96.09,8860.92,49.97,0.17,11445860,32359,1750.611,65.31,76.45,218.04,10.77,807.87,1136.515481,9.2,29214,89.59,1.577,4.29,680101283,102.66,90.8,1.29,85.78,0.1,14.75,135.1717412,124.8465874,91.01776886,131604,224.093,69.8,-0.611632,16.4445,2797.072,449.34259
May-11,79.45,97.33,8910.542857,48.74,0.35,11475670,52145,1669.144,67.27,75.35,255.46,11.96,809.3,1136.957692,8.8,29429,91.37,1.47,4.27,709542446,101.85,90.98,1.66,85.4,0.09,15.45,74.12288335,84.5491611,105.3449173,131704,224.806,74.3,-0.6038675,18.89047619,2815.075714,439.38739
Jun-11,77.94,93.8,8748.664762,47.64,0.38,11415910,35431,1569.7,65.55,75.58,229.92,12.41,733.32,1179.036935,8.6,29363,93.85,1.529,4.35,699808721,102.17,91.54,1.94,85.28,0.09,16.52,102.6547133,139.0378982,84.3918457,131936,224.806,71.5,-0.5379275,16.78272727,2687.762727,410.15155
Jul-11,72.9,96.46,8681.23619,46.7,0.84,11473352,26842,1806.583,66.35,76.56,226.83,11.77,821.56,1192.79019,8.6,29591,99.05,1.611,4.41,700339525,101.61,91.27,1.32,86.84,0.07,25.25,99.84159509,207.1603073,78.92475891,131992,225.395,63.7,-0.479744,17.3935,2810.5755,386.752869
Aug-11,65.81,95.17,7763.333043,47.4,0.16,11672465,21706,1966.293,64.95,74.7,217.23,13.37,755.72,1157.637672,8.3,29769,101.14,1.65,4.45,701848354,101.97,91.3,1.34,86.89,0.1,31.62,140.2647613,283.6655748,86.9515686,132123,226.106,55.8,-0.208465,28.06608696,2504.623043,355.61795
Sep-11,67.38,94.12,7385.134286,43.56,-0.02,11674272,21243,1762.157,61.09,73.42,205.92,11.99,730,1172.5057,8.1,29829,105.59,1.602,4.28,685076501,104.42,91.42,1.38,85.58,0.08,42.96,142.514988,214.4261053,83.35044861,132346,226.597,59.5,-0.01506,33.77095238,2524.13619,338.656128
Oct-11,68.98,90.97,7345.0755,40.48,0.15,11573259,22867,1891.96,63.13,72.49,223.65,11.46,835.19,1187.953705,8.1,29906,95.75,1.605,4.3,709825019,105.91,91.91,1.24,84.04,0.07,29.96,157.7215381,137.8392521,76.3399353,132557,226.75,60.8,-0.0387075,30.7247619,2594.781905,386.30307
Nov-11,68.86,89.62,7275.441818,40.1,0.18,11581989,25450,1774.662,60.8,71.72,212.28,11.99,751.06,1119.160815,7.7,29984,97.19,1.511,4.28,705516601,105.75,91.89,1.03,79.88,0.08,27.8,161.8502214,143.7145629,83.1576767,132701,227.169,63.7,-0.04336,27.89857143,2606.289048,373.139465
Dec-11,67.52,88.58,6969.147273,31.2,0.14,11661953,30241,1701.722,60.74,73.07,202.67,11.01,736.58,1145.84879,7.8,30141,110.13,1.531,4.18,690856464,106.13,92.09,2.03,77.58,0.07,23.4,159.6143965,183.0886071,85.34132385,132902,227.223,69.9,-0.046888,23.61190476,2601.67,364.263733
Jan-12,71.13,90.1,7176.736667,55.76,-0.07,11933630,24948,1377.531,55.27,64.4,197.26,10.68,644.81,1085.582351,7.5,30451,238.25,1.501,4.18,684991676,105.3,92.38,2.36,78.55,0.08,19.44,120.4490894,154.4180208,79.63497162,133243,227.842,75,-0.227725,21.3295,2743.795,408.742218
Feb-12,75.39,94.75,7855.9325,58.6,0.02,11957169,24713,1718.559,59.64,70.11,189.62,9.02,704.96,1063.123937,7.7,30597,105.41,1.534,4.25,683094472,104.47,91.15,0.24,79.73,0.1,18.43,139.152505,119.43544,92.44582367,133521,228.329,75.3,-0.3736225,20.135,2928.9805,423.964874
Mar-12,77.5,97.33,8019.99913,50.99,0.19,11879831,30932,1762.498,67.1,79.37,213.11,12.34,789.58,1132.49767,8.2,30689,89.57,1.588,4.17,688997801,104.09,91.27,1.26,81.26,0.13,15.5,136.7797916,98.74810531,88.75997925,133745,228.807,76.2,-0.42587,18.86545455,3035.915909,438.427887
Apr-12,77.24,96.45,7620.8245,49.2,0.05,11877381,33398,2025.298,64.93,75.2,211.25,11.26,763.89,1108.462839,8.3,30907,92.81,1.591,4.1,704044675,103.75,92.11,1.44,78.92,0.14,17.15,126.3162952,96.96967117,96.01668549,133828,229.187,76.4,-0.39697,17.97,3035.1015,413.190094
May-12,75.68,90.85,7356.840909,46.8,0.18,11847406,37874,1914.786,67.2,76.99,216.58,12.97,777.06,1158.816422,8.4,31022,90.79,1.701,4.12,711289628,103.69,92.57,1.75,77.61,0.16,24.06,133.1500448,135.8798511,78.17115784,133935,228.713,79.3,-0.29096,19.99363636,2900.409091,368.191833
Jun-12,71.36,87.7,7142.521429,46.25,0.17,11779452,45036,1853.332,63.54,73.07,209.69,11.62,738.28,1159.388019,8.1,30900,103.52,1.686,4.21,696342545,105.22,93.16,1.77,76.36,0.16,17.08,139.038172,197.4609789,77.82243347,134008,228.524,73.2,-0.227232,22.00952381,2850.354762,385.27356
Jul-12,71.56,88.53,7187.136364,45.48,0.53,11804006,37756,2383.805,66.92,76.61,234.17,12.61,755.19,1181.555411,8.1,31140,96.18,1.596,4.31,698106864,104.99,93.52,2.47,75.08,0.16,18.93,120.4032902,180.8035422,82.80802155,134153,228.59,72.3,-0.318645,19.10142857,2920.114286,383.534424
Aug-12,73.91,90.42,7409.595909,45.1,0.15,11991185,35250,1425.012,67.48,76.99,204.73,12.87,752.35,1157.49434,8,31304,95.85,1.779,4.4,701363552,105.25,94.43,3.43,75.18,0.13,17.47,78.76684521,142.9553013,74.87835693,134329,229.918,74.3,-0.405958,16.43391304,3032.666522,395.988373
Sep-12,77.38,90.28,7610.3835,44.43,0.03,12065210,26667,1960.599,64.89,74.3,201.9,11.46,818.19,1159.966224,8,31358,109.52,1.572,4.32,702239753,103.53,94.12,2.95,74.35,0.14,15.73,120.4692178,182.1071855,69.28050995,134512,231.015,78.3,-0.4898525,17.91736842,3136.802632,382.085114
Oct-12,78.58,89.36,7438.137273,42.39,0.09,11985949,24470,1988.517,66.64,76.81,202.1,12.56,787.16,1178.001382,8.2,31485,93.37,1.717,4.33,702162823,103.22,94.05,2.33,72.73,0.16,18.6,113.1046342,166.1284041,81.66366577,134672,231.638,82.6,-0.5376625,15.62380952,3060.261905,366.852478
Nov-12,80.46,90.41,7255.633182,42.17,0.12,12005063,24500,2263.532,65.33,75.92,185.66,11.43,736.34,1141.581393,7.8,31670,92.53,1.694,4.27,690485416,102.53,93.35,1.59,72.12,0.16,15.87,122.3191181,205.8646602,81.38964081,134831,231.249,82.7,-0.5353,14.80619048,2941.015238,374.168945
Dec-12,83.68,94.45,7630.805238,42.3,0.19,12234362,33964,2331.325,63.77,74,199.72,10.34,769.53,1156.780092,7.9,31962,112.27,1.519,4.18,691866878,102.25,93.58,1.62,71.06,0.16,18.02,142.077437,214.9519488,74.83155823,135074,231.221,72.9,-0.570855,13.781,3003.792,383.874268
Jan-13,85.21,99.08,7759.254545,33.23,0.12,12407945,34408,1970.787,67,79.41,223.35,11.91,754.73,1176.882101,8.1,32286,140.51,1.611,4.16,677839176,102.18,93.41,1.11,72.82,0.14,14.28,130.1575789,199.3589422,90.65749359,135263,231.679,73.8,-0.6248225,13.74761905,3125.913333,412.730011
Feb-13,88,97.98,7932.681538,67.36,-0.24,12634244,30611,1081.731,54.76,60.93,161.74,9.13,587.16,996.5818,7.4,32381,172.73,1.672,4.24,707196320,103.94,93.85,2.96,75.24,0.15,15.51,84.2713502,128.5625134,81.59033203,135548,232.937,77.6,-0.6402925,15.06,3169.213158,426.630005
Mar-13,87.47,99.48,7906.990952,53.49,0.2,12595646,40634,1912.101,67.31,76.37,229.16,11.21,822.83,1141.865738,8.4,32524,91.88,1.591,4.17,715775298,103.94,92.5,1.35,76.01,0.14,12.7,90.5134379,146.1158616,75.89672089,135690,232.282,78.6,-0.655128,13.5295,3236.167,436.660004
Apr-13,89.5,97.38,7893.419,51.2,0.07,12556675,28399,2829.163,66.07,76.31,212.53,11.62,761.43,1108.003285,8.7,32697,94.36,1.759,4.07,711967146,104.35,93.08,1.05,77.29,0.15,13.52,119.6711113,135.4405916,95.10787201,135876,231.797,76.4,-0.68928,20.57772727,3251.351818,444.359985
May-13,95.63,99.47,8272.343182,48.24,0.15,12681028,50238,2142.837,69.42,79.31,230.46,12.52,804.73,1144.252936,8.6,32823,91.68,1.81,4.06,691112181,104.15,93.25,0.73,78.25,0.11,16.3,71.52192778,109.0280432,83.71731567,136090,231.893,84.5,-0.719348,24.17045455,3440.375455,468.630005
Jun-13,90.66,97.51,7988.804211,48.54,0.14,12709184,41909,1917.921,67.15,75,231.85,13.08,804.71,1154.607303,8.6,32891,98.3,1.71,4.14,690317535,104.62,93.72,0.6,75.08,0.09,16.86,102.7161109,126.6258694,82.9730072,136269,232.445,84.1,-0.6443375,24.9055,3416.7415,468.429993
Jul-13,89.39,98.4,8101.911739,48.23,0.72,12822892,26355,2491.592,70.84,78.34,218.72,12.82,774.61,1184.269752,8.7,33112,93.93,1.677,4.25,710345652,104.71,93.58,0.06,76.08,0.09,13.45,76.2399961,91.43749003,73.97581482,136391,232.9,85.1,-0.644535,24.255,3559.710909,477.779999
Aug-13,86.32,98.78,7932.020476,47.65,0.21,12988059,26764,1770.107,69.35,78.78,189.76,12.85,778.62,1151.896508,8.6,33192,98.74,1.769,4.33,686996282,104.7,93.69,-0.78,75.33,0.08,17.01,100.9112249,108.7583782,90.95674896,136634,233.456,82.1,-0.671322,23.24409091,3639.928636,457.700012
Sep-13,90.01,97.99,8193.463,48.36,0.09,13036629,36232,1602.025,66.59,75.04,215.53,12.27,766.11,1181.610422,8.4,33295,102.93,1.676,4.24,691364755,103.94,94.92,0.85,76.5,0.08,16.6,100.9327663,179.8897364,100.4593277,136819,233.544,77.5,-0.67193,23.477,3731.262,490.829987
Oct-13,92.6,96.2,8366.176818,44.79,0.2,13014770,30195,2584.199,68.44,78.62,206.83,12.28,798.78,1198.597735,8.7,33389,96.67,1.733,4.24,680019306,102.7,94.66,0.65,78.47,0.09,13.75,153.1258459,225.3733071,72.95311737,137039,233.669,73.2,-0.718045,23.16391304,3848.202174,507.089996
Nov-13,92.81,95.81,8236.520476,45.25,0.28,13068044,36019,2355.411,66.63,76.61,196.95,11.56,772.71,1166.16845,8.5,33605,96.04,1.766,4.16,677953832,102.88,93.98,0.67,78.43,0.08,13.7,120.5846365,89.91517307,77.77902222,137312,234.1,75.1,-0.778568,20.034,3957.5325,510.25
Dec-13,92.76,98.77,8431.400909,42.15,0.1,13274088,55959,2224.831,69.53,79.73,238.2,11.28,792.63,1211.951269,8.7,33719,102.72,1.689,4.08,687482843,103.56,93.89,0.33,78.22,0.09,13.72,124.1559747,115.0207376,70.37248993,137367,234.719,82.5,-0.800655,20.97047619,4075.884762,535.030029
Jan-14,94.26,101.23,8566.620556,44.39,0.08,13639696,30165,2604.903,66.81,77.1,195.72,11.12,742.36,1206.052177,8.4,34061,199.5,1.593,4.02,673313093,104.56,94.18,0.82,80.83,0.07,18.41,103.5485547,107.7051288,77.91596985,137551,235.288,81.2,-0.784048,17.57095238,4154.360952,529.179993
Feb-14,94.43,101.33,8496.090588,63.24,-0.05,13723996,34561,1776.197,59.88,65.87,183.09,9.97,653.85,1016.815876,7.8,34225,110.14,1.685,4.09,687818165,105.35,93.81,-0.04,82.93,0.07,14,70.57914407,93.36929826,69.00352478,137710,235.547,81.6,-0.77562,16.72894737,4199.451053,563.830017
Mar-14,100.95,102.11,8687.445714,53.2,0.23,13712635,50377,2687.021,70.55,79.27,250.95,11.38,856.77,1162.910714,8.5,34244,90.42,1.616,4.03,693780274,105.66,93.99,1.61,80.96,0.08,13.88,99.97414417,101.018732,119.8385544,137987,236.028,80,-0.7875175,17.01904762,4276.359048,586.73999
Apr-14,106.64,101.82,8900.141429,51.85,0.2,13699653,42301,2599.168,70.57,82.18,231.95,11.68,821.9,1166.814257,8.7,34450,91.42,1.669,3.91,689297646,104.66,94.62,1.65,83.73,0.09,13.41,129.5463889,96.99343089,93.22154236,138298,236.468,84.1,-0.78254,15.7552381,4119.30619,575.969971
May-14,110.45,103.61,8936.22619,50.27,0.23,13713754,29343,2916.716,73.11,82.69,211.77,12.59,819.49,1192.79588,8.8,34583,96.32,1.782,3.85,682530747,104.55,94.76,1.62,85.59,0.09,11.4,77.43149688,102.0150429,83.4288559,138500,236.918,81.9,-0.790988,14.71904762,4135.374286,599.590027
Jun-14,114.95,102.74,9229.308,50.09,0.2,13657227,39204,1848.029,72.78,80.65,241.13,12.5,821.53,1203.621552,8.5,34586,91.67,1.708,3.92,696660087,104.45,95.25,1.63,87.58,0.1,11.57,105.8055156,85.96846752,98.7671051,138833,237.231,82.5,-0.8112475,13.24904762,4332.738571,635.929993
Jul-14,117.94,104.44,9474.126364,50.34,0.79,13804385,38422,2606.135,75.63,83.73,226.22,13.14,816.76,1214.199885,8.7,34866,102.32,1.771,4.02,694852891,104.53,95.22,1.75,88.17,0.09,16.95,94.60066506,78.50598746,138.753952,139076,237.498,81.8,-0.78163,14.15772727,4434.125909,607.549988
Aug-14,112.81,102.76,9266.461905,51.07,0.26,13970453,28475,1977.965,75.1,80.9,218.69,13.31,855.73,1174.069312,8.6,34937,99.75,1.719,4.08,719134558,104.49,95.64,2.08,83.06,0.09,12.09,77.59931977,63.87733632,136.4455872,139257,237.46,82.5,-0.746408,13.74714286,4464.831429,645.25
Sep-14,112.2,99.88,9229.005238,49.29,0,13996471,33795,1990.946,74.11,81.28,226.12,12.74,804.76,1213.196967,8.5,34885,94.92,1.53,3.96,715771759,104.9,95.59,0.71,83.16,0.09,16.31,107.9098285,86.21660154,131.5566559,139564,237.477,84.6,-0.7132,16.16761905,4551.58619,638.47998
Oct-14,108.49,95.58,8819.213182,46.21,0.17,13948695,27114,2018.238,75.98,84.08,210.41,12.67,829,1217.259577,8.8,34980,89.48,1.757,3.95,707012463,105.18,95.66,1.06,82.98,0.09,14.03,99.81389864,113.3345834,83.66100311,139804,237.43,86.9,-0.65214,17.88391304,4403.230435,640.859985
Nov-14,116.88,94.34,9015.871,45.78,0.19,13976530,28931,2119.365,72.91,78.9,235.54,11.87,830.36,1173.054918,8.6,35160,95.21,1.737,3.89,715718658,105.91,94.78,0.85,83.41,0.09,13.33,120.1338512,93.18594253,84.38005066,140088,236.983,88.8,-0.66841,22.13052632,4687.702105,685.73999
Dec-14,118.46,97.43,9109.307083,44.97,0.13,14189364,33001,2543.773,75.79,83.94,226.83,11.61,810.92,1239.74763,8.7,35310,94.8,1.655,3.79,724601580,107.39,94.46,0.61,86.36,0.12,19.2,58.89923617,87.41532796,86.52622223,140366,236.252,93.6,-0.6157375,20.09818182,4732.701364,686.869995
Jan-15,122.22,99.19,9281.738,31.97,0.19,14326278,27972,2206.313,74.19,84.28,239.49,11.49,808.58,1201.367282,8.8,35415,111.88,1.624,3.71,705550800,108.55,93.3,-0.93,88.23,0.11,20.97,98.03493372,120.54423,111.9856949,140562,234.747,98.1,-0.535218,20.28,4673.7015,653.140015
Feb-15,127,98.3,9505.547692,66.81,-0.3,14564263,24837,1693.762,62.06,67.09,175.51,9.72,630.92,1024.007961,7.8,35684,225.6,1.635,3.69,701974050,107.79,93.62,-0.2,89.44,0.11,13.34,95.11193973,87.60946942,111.9246979,140831,235.342,95.4,-0.53495,19.19368421,4854.255789,714.650024
Mar-15,126.14,97.56,9611.304091,54.05,0.3,14517099,33246,2154.452,76.1,85.12,239.77,11.73,805.67,1153.094721,8.8,35668,88.13,1.621,3.72,714610112,107.07,93.41,-0.62,91.13,0.11,15.29,116.265651,95.97896261,104.2352676,140925,235.976,93,-0.5593575,17.63863636,4938.010909,695.47998
Apr-15,123.49,96.29,9679.931,49.82,0.07,14501393,31091,1831.462,72.32,82.03,208.6,11.78,743.37,1140.714454,8.8,35726,94.09,1.814,3.63,702684848,104.97,93.84,-0.82,92.93,0.12,14.55,63.93907057,103.544957,102.1904907,141202,236.222,95.9,-0.57156,15.44714286,4985.951429,686.289978
May-15,121.06,96.52,9689.296,50.07,0.19,14561211,28215,1417.852,72.72,79.88,210.16,12.64,795.11,1139.877786,8.6,35729,96.71,1.803,3.62,707528159,102.67,94.07,-0.73,91.64,0.12,13.84,68.25076576,102.3186965,76.2623291,141539,237.001,90.7,-0.56556,15.804,5029.4315,745.409973
Jun-15,118.18,93.62,9355.102857,48.55,0.11,14488540,45529,2404.115,72.75,80.24,226.07,12.68,719.55,1168.261892,8.3,35471,98.99,1.769,3.71,713642968,103.87,94.72,-0.56,90.58,0.13,18.23,95.53624936,115.8802867,85.90596771,141695,237.657,96.1,-0.557045,14.33954545,5073.041818,680.539978
Jul-15,109.89,91.77,8963.875,46.13,0.64,14586258,46408,1728.446,73.39,81.35,221.04,13.46,736.51,1159.110948,8.4,35643,115.28,1.659,3.82,707750463,104.39,94.62,-0.63,89.58,0.13,12.12,133.6395202,98.73479281,106.8086624,141989,238.034,93.1,-0.534278,16.49590909,5082.81,646.289978
Aug-15,96.5,90.44,8156.217143,46.92,0.12,14789586,38546,1780.465,70.29,76.88,227.32,12.85,768.28,1135.49328,8.1,35831,106.7,1.723,3.9,706192190,106.99,95.21,-0.45,86.15,0.14,28.43,60.20590772,156.5036298,82.47853088,142130,238.033,91.9,-0.45689,17.54714286,4934.622857,611.039978
Sep-15,98.32,90.01,8205.508,46.83,-0.09,14923309,33792,1450.34,69.93,77.77,212.13,12.35,746.46,1150.867163,7.9,35855,104.71,1.575,3.89,704984368,108.62,95.87,0.29,85.32,0.14,24.5,96.43061547,171.9326776,98.76745605,142265,237.498,87.2,-0.403375,17.83904762,4748.004762,602.72998
Oct-15,103.52,91.3,8551.138095,44.55,0.09,14890569,36797,1877.108,71.02,80.92,230.22,12.65,795.06,1181.846025,8.2,35880,96.88,1.664,3.9,679656755,108.18,95.95,0.3,84.6,0.12,15.07,87.33976499,110.7019377,91.93188477,142584,237.733,90,-0.457584,16.53136364,4879.036818,662.52002
Nov-15,107.38,91.03,8502.598095,44.88,0.16,14917407,38286,1521.809,67.87,76.09,238.27,11.96,731.67,1144.600002,7.8,35919,102.26,1.642,3.91,668531953,108.53,95.29,0.54,84.2,0.12,16.13,96.07801009,89.58371044,150.7158813,142810,238.017,91.3,-0.483155,17.674,5082.5075,677.140015
Dec-15,108,90.86,8298.218696,42.89,0.13,15093681,36498,1792.428,70.9,79.23,210.73,12,732.55,1195.739495,8.1,36087,103.69,1.602,3.87,682016598,109.05,94.58,0.13,81.61,0.24,18.21,94.53806507,101.9634329,148.2368774,143083,237.761,92.6,-0.4057275,16.28681818,5040.54,663.47998
Jan-16,104.82,90.99,7871.480476,30.89,0.1,15317647,38621,2144.484,68.6,78.36,230.75,11.4,730.9,1174.068143,8.1,36151,183.88,1.485,3.87,657186679,110.98,94.05,0.8,80.89,0.34,20.2,127.4782714,154.8573306,118.2111435,143196,237.652,92,-0.314036,16.51947368,4610.714211,613.679993
Feb-16,110.78,96.42,8246.533846,64.65,-0.21,15453965,26839,905.649,58.05,63.47,173.01,9.83,586.8,949.139834,7.4,36286,165.15,1.541,3.95,655446566,110.36,95.88,2.41,82.09,0.38,20.55,108.0552358,148.3217888,103.749649,143411,237.336,91.7,-0.288535,22.1615,4463.206,622.109985
Mar-16,116.68,96.66,8687.645652,51.35,0.1,15411180,32923,1983.059,73.57,83.29,229.51,11.69,746.46,1111.472504,8.1,36282,93.07,1.583,3.89,640803135,108.66,95.29,2.01,81.34,0.36,13.95,155.2279389,130.4901593,109.7202911,143666,238.08,91,-0.3689225,20.24954545,4754.479545,676.890015
Apr-16,114.86,97.27,8567.991053,49.61,0.05,15415157,30181,1398.846,68.85,77.41,207.35,12.03,714.43,1104.703136,8.5,36216,99.85,1.556,3.86,633449464,107.53,95.6,1.88,80.37,0.37,15.7,165.2380053,96.41341581,85.22145081,143856,238.992,89,-0.399834,18.00333333,4892.168095,645.340027
May-16,110.66,99.46,8235.470952,50.45,0.11,15479035,53277,1449.668,73.5,80.51,245.24,13.03,762.72,1125.245459,8.5,36338,99.54,1.551,3.84,645042390,107.93,95.23,1.23,79.82,0.37,14.19,117.5464314,96.22233274,88.33242035,143901,239.557,94.7,-0.390405,17.68571429,4788.235238,699.359985
Jun-16,116.76,96.66,8595.41619,48.59,0.13,15391712,47103,1511.58,74.44,81.04,236.41,12.94,741.92,1154.251498,8.2,36285,98.34,1.583,3.92,645007296,107.86,95.57,0.9,78.36,0.38,15.63,131.4570154,233.956103,90.16812897,144152,240.222,93.5,-0.3652275,19.89045455,4856.232273,691.669983
Jul-16,121.89,98.2,8899.74,49.89,0.53,15496601,56304,1248.864,74.49,79.49,254,13.43,774.53,1160.489989,8.5,36490,110.19,1.325,4.02,652764873,106.79,95.79,1.24,80.18,0.39,11.87,112.3994755,164.4584005,114.6104507,144515,240.101,90,-0.359044,17.9035,5023.989,766.780029
Aug-16,127.14,97.53,9093.748696,49.47,0.15,15747945,54349,1236.731,77.01,83.03,258.63,13.62,777.13,1168.423086,8.2,36747,101.57,1.381,4.08,641834410,104.92,95.75,0.57,79.56,0.4,13.42,116.325771,106.8856228,98.73848724,144664,240.545,89.8,-0.369155,15.73347826,5217.038261,801.47998
Sep-16,128.46,97.43,9130.868947,49.58,-0.04,15872722,49442,1209.961,75.99,78.07,253.51,12.67,711,1158.350929,8.2,36698,98.18,1.31,3.99,661127391,104.16,96.19,0.33,78.66,0.4,13.29,147.5645526,86.34353838,104.5452271,144961,241.176,91.2,-0.341368,14.90428571,5254.154286,835.599976
Oct-16,132.84,97.69,9273.736,49.93,0.13,15835378,65389,1454.142,76.36,80.81,287.69,13.16,838.28,1190.48152,9.7,36769,93.37,1.408,3.95,652889422,104.22,97.58,1.7,78.95,0.4,17.06,106.809263,108.0641248,85.74778748,145069,241.741,87.2,-0.3598225,15.33619048,5255.989048,823.52002
Nov-16,129.26,99.85,9098.386818,47.05,0.21,15895721,50357,1401.145,78.43,84.18,264.34,12.47,793.19,1208.199448,9.2,36747,93.07,1.491,3.87,660287001,104.73,97.17,1.97,77.71,0.41,13.33,133.0970927,254.1013278,82.91875458,145188,242.026,93.8,-0.4140625,18.22904762,5260.565238,879.469971
Dec-16,128.91,101.43,9245.263182,38.11,0.16,16001058,58365,1832.411,78.38,84.01,271.6,12.44,819.81,1235.026781,9.1,36886,98.01,1.475,3.79,682949134,104.3,96.18,1.69,77.22,0.54,14.04,130.5673617,161.4247862,102.1804657,145410,242.637,98.2,-0.460098,16.95619048,5413.116667,906.469971
Jan-17,129.3,99.93,9351.71375,46.6,0.11,16244054,52381,1206.327,72.47,77.58,243.79,11.52,754.31,1234.08168,8.1,37149,214.23,1.3,3.78,689991302,104.11,96.16,2.24,74.35,0.65,11.99,306.037496,195.0406301,105.2012329,145636,243.618,98.5,-0.4831625,14.903,5561.4235,944.280029
Feb-17,133.52,98.2,9673.977778,63.04,-0.06,16238168,42618,905.511,67.43,70.74,219.87,10.73,699.73,1019.312997,7.7,37404,110.06,1.397,3.85,701010927,102.1,95.82,-0.06,77.63,0.66,12.92,176.3995805,177.777717,114.2063599,145848,244.006,96.3,-0.4874575,14.38578947,5764.702105,969.380005
Mar-17,135.77,97.88,9796.295652,50.33,0.23,16114960,46911,2067.122,79.7,86.29,256.35,12.23,787.45,1189.967869,8,37421,89.34,1.403,3.78,695516734,101.31,95.46,0.18,78.12,0.79,12.37,349.0531329,154.6096951,96.63587952,145976,243.892,96.9,-0.476666,12.43695652,5864.963913,1011.400024
Apr-17,136.09,95.73,9801.368333,52.26,0.15,16064145,51257,1319.337,69.67,75.4,238.24,12.2,733.96,1132.438312,8.1,37591,103.22,1.466,3.67,700109847,101.42,95.69,0.09,78.2,0.9,10.82,174.1927712,157.6765228,119.4599228,146173,244.193,97,-0.486765,13.78368421,5912.169474,1005.530029
May-17,142.52,95.47,9993.663,50.57,0.16,16088751,43262,1699.944,75.9,81.36,254.91,13.06,763.79,1171.478773,8.1,37796,109.62,1.475,3.66,697764632,100.49,95.8,0.6,78.11,0.91,10.41,130.7553519,129.8880577,102.5799637,146389,244.004,97.1,-0.5274625,11.90863636,6124.878182,1091.420044
Jun-17,149.14,96.58,10259.00087,48.62,0.24,16074104,32492,2066.214,78.71,84.77,232.53,13.2,773.8,1199.648683,7.8,37812,92.24,1.36,3.74,683982810,101.79,96.53,1,77.76,1.04,11.18,227.6597283,120.638462,126.7890167,146588,244.163,95,-0.561766,11.67681818,6224.285909,1034.910034
Jul-17,150.54,100.61,10425.9181,50.79,0.67,16265513,27883,1682.55,76.39,81.37,258.43,13.73,819.56,1189.668492,7.8,37999,120.12,1.361,3.84,693457763,102.72,96.53,0.77,78.19,1.15,10.26,228.2414925,141.138335,102.8134613,146772,244.243,93.4,-0.5793125,11.5855,6294.674,1085.150024
Aug-17,152.91,102.22,10436.34957,50.19,0.17,16552266,27897,1987.394,81.46,87.35,259.01,13.98,836.02,1224.365882,7.9,38367,98.62,1.457,3.89,694535692,102.72,96.67,0.96,79.95,1.16,10.59,164.6848328,137.8597036,138.5316162,146907,245.183,96.8,-0.5694175,12.40782609,6311.397391,1114.310059
Sep-17,157.21,101.66,10500.59727,48.34,0.01,16589043,38685,1505.513,80.04,84.56,267.59,13.61,864.96,1224.823432,7.7,38426,96.96,1.424,3.77,690035191,102.4,96.66,0.49,82.2,1.15,9.51,206.3844492,116.6200175,115.5344467,146999,246.435,95.1,-0.56467,12.7985,6428.079,1171.73999
Oct-17,166.2,100.58,10683.85368,48.66,0.15,16564701,47290,1593.743,78.36,82.8,280.76,13.55,827.97,1228.499453,8.1,38492,97.04,1.503,3.75,689900334,102.43,97.26,-0.33,83.34,1.15,10.18,142.533602,125.8658439,91.46157074,147146,246.626,100.7,-0.597365,11.75,6603.011364,1275.609985
Nov-17,169.3,99.87,10743.29818,48.17,0.26,16594359,34161,1808.247,79.89,85.23,277.3,12.8,863.18,1267.191505,8,38687,96.99,1.437,3.71,705817361,102.01,97.5,0.34,86.16,1.16,11.28,206.0377588,111.2826865,92.59601593,147375,247.284,98.5,-0.62133,11.14761905,6796.045238,1272.550049
Dec-17,163.08,98.81,10501.39714,46.5,0.16,16645671,43862,2195.822,81.46,85.12,257.26,12.51,881.04,1294.129023,8,38726,97.8,1.422,3.66,715554273,101.72,97.35,1.22,86.05,1.3,11.04,167.6842327,140.3501816,82.71825409,147521,247.805,95.9,-0.62572,10.9345,6889.7405,1253.050049
Jan-18,174.3,100.19,11005.38,31.32,0.17,16748718,42259,1848.017,79.31,86.52,283.42,12.36,808.9,1307.274821,8,38992,123.25,1.309,3.63,710742194,100.09,97.02,0.89,87.69,1.41,13.54,265.0796087,160.9672048,92.42678833,147667,248.859,95.7,-0.6305675,12.01619048,7279.498095,1361.5
Feb-18,170.91,98.24,10717.94,67.84,-0.29,17075537,31871,1034.744,63.76,67.14,214.5,10.43,647.84,1059.202302,7.3,39174,239.31,1.297,3.7,715921291,100.02,97.93,2.2,87.38,1.42,19.85,149.602152,114.7555583,64.49137115,148054,249.529,99.7,-0.5689875,13.58526316,7161.772632,1362.02002
Mar-18,175.54,100.02,10903.88565,50.97,0.18,16994742,40576,1787.627,83.86,89.1,259.51,12.68,871.5,1258.431654,8.2,39360,89.97,1.32,3.66,714224738,100.1,96.98,1.59,87.86,1.51,19.97,254.1363255,187.0958899,111.9622955,148280,249.577,101.4,-0.50783,11.48190476,7311.505714,1328.900024
Apr-18,169.52,98.33,10795.84389,53.86,0.06,16963770,33232,1800.227,75.35,80.06,249.5,12.51,775.28,1181.638724,8.2,39443,100.35,1.477,3.64,724769340,100.8,97.61,2.01,86.89,1.69,15.93,241.739357,139.0353864,123.2634735,148426,250.227,98.8,-0.5072675,12.42285714,7084.141095,1244.400024
May-18,164.19,101.47,10817.67682,50.92,0.13,17110043,35837,2591.602,81.98,87.44,266.37,13.79,860.86,1277.984568,8.2,39856,99.4,1.464,3.63,745732261,101.92,97.48,1.75,85.61,1.7,15.43,210.7990925,162.2766973,125.6666183,148755,250.792,98,-0.5473425,11.33363636,7339.327364,1379
Jun-18,162.31,100.39,10986.51,50.37,0.1,17022644,30583,2138.389,78.81,84.34,245.75,13.52,840.81,1250.939675,8.1,39930,102.92,1.301,3.7,733540760,102.58,97.88,1.4,83.82,1.82,16.09,203.0892821,134.402771,103.9685898,148968,251.018,98.2,-0.529172,10.64952381,7645.139143,1313.699951
Jul-18,164.3,101.46,10840.21545,49.73,0.68,17201629,42447,2206.91,80.02,84.63,294.04,14.05,860.42,1269.195221,8,39979,125.38,1.457,3.81,753083982,103.93,98.22,1.75,82.38,1.91,12.83,395.6720601,176.2050781,110.0284271,149023,251.214,97.9,-0.5324225,11.43190476,7756.863143,1367.469971
Aug-18,173.03,98.25,10909.41652,48.81,0.14,17414867,49237,1735.778,82.51,87.58,290,14.15,860.89,1296.622388,8,40249,105.72,1.449,3.87,754324867,104.5,98.16,1.54,82.56,1.91,12.86,269.4765344,114.9613709,112.741684,149274,251.663,96.2,-0.575342,11.66826087,7892.233,1401.199951
Sep-18,175.4,93.46,10883.76526,47.75,-0.06,17454864,46903,2102.133,81.11,83.04,300.54,13.45,906.76,1266.68512,8,40346,101.88,1.374,3.76,765563791,104.39,98.32,1.72,83.47,1.95,12.12,314.0877032,120.9851907,75.0539093,149361,252.182,100.1,-0.588835,11.01789474,7983.307368,1366.73999
Oct-18,159.75,88.45,10088.35636,45.42,0.18,17444488,41215,1857.371,84.6,86.27,314.55,13.38,906.31,1297.3001,8.1,40137,92.2,1.36,3.75,781986908,104.55,98.39,1.16,81.95,2.19,21.23,343.3703494,136.1146533,92.01647949,149525,252.772,98.6,-0.5537625,12.22608696,7527.083913,1202.300049
Nov-18,150.7,85.57,9821.369545,44.66,0.21,17438972,28783,2149.424,81.4,84.72,280.69,12.74,854.33,1269.05922,7.7,40469,100.65,1.341,3.7,782701734,104.8,97.78,0.29,80.13,2.2,18.07,438.2358972,164.9422023,80.40758514,149622,252.594,97.5,-0.479192,12.03571429,7236.081429,1239.599976
Dec-18,152.05,86,9747.112381,43.53,0.15,17592801,44219,1973.618,79.85,83.89,283.44,12.59,875.18,1254.887208,7.7,40593,107.25,1.358,3.66,770758301,104.54,97.29,-0.06,79.74,2.27,25.42,248.4691029,226.5768878,90.60766602,149804,252.767,98.3,-0.395475,12.36210526,6814.291579,1155.170044
Jan-19,147.52,89.68,9764.715238,31.67,0.14,17845836,51455,1999.341,79.78,88.96,323.55,12.42,835.72,1347.843941,7.5,41061,198.6,1.245,3.64,762230172,104.15,97.19,0.18,83.63,2.4,16.57,288.0994685,284.1359377,87.42410278,150062,252.561,91.2,-0.4476625,11.31952381,6979.655714,1272.089966
Feb-19,158.55,91.23,10210.03538,67.14,-0.21,18095040,40209,1322.741,62.7,65.75,203.53,10.62,625.79,1000.602447,7.1,41250,157.06,1.358,3.72,762507830,103.73,98.14,0.21,84.69,2.4,14.78,239.9864444,123.639288,96.80016327,150067,253.319,93.8,-0.5428475,10.06368421,7430.077368,1350.199951
Mar-19,162.18,95.85,10445.221,51.59,0.18,18162075,78540,1981.503,77.52,83.46,329.33,12.5,877.42,1205.146008,7.7,41322,97.25,1.344,3.68,760634330,103.94,97.52,0.56,84.36,2.41,13.71,411.1500643,180.6316997,82.32829285,150294,254.277,98.4,-0.590198,10.18666667,7629.366667,1395.51001
Apr-19,174.25,94.59,10892.1535,50.95,0.12,18261561,44117,2107.634,77.05,82.18,272.72,12.69,788.03,1203.913167,7.9,41515,99.29,1.445,3.67,769740956,104.45,98.25,0.66,85.33,2.42,13.12,319.4147645,109.6863735,79.25344849,150602,255.233,97.2,-0.6075975,9.546190476,7995.063773,1556.180054
May-19,167.2,94.62,10574.49409,48.39,0.11,18347344,38455,2047.406,80.43,85.2,273.88,13.53,852.95,1240.548377,7.9,41687,105.51,1.473,3.67,779553702,105.8,98.39,0.93,79.48,2.39,18.71,365.1015,160.858154,106.4719009,150640,255.296,100,-0.58824,9.392727273,7804.820909,1296.180054
Jun-19,163.21,93.07,10620.02263,48.93,0.12,18274387,63264,2427.411,78.63,82.31,311.76,13.25,887.81,1214.274944,7.7,41762,105.26,1.322,3.73,769082855,106.28,98.71,0.85,79.8,2.38,15.08,649.0725358,207.9913723,106.5884552,150844,255.213,98.2,-0.56545,13.106,7825.459,1458.959961
Jul-19,173.62,94.98,10845.69739,47.36,0.65,18463162,42224,2206.323,83.92,87.55,315.06,13.99,872.9,1301.719986,7.4,41958,125.1,1.459,3.82,771380170,105.24,98.6,0.39,81.48,2.4,16.12,375.9023375,207.7454617,93.52125549,150934,255.802,98.4,-0.5748325,14.54454545,8205.598636,1542.439941
Aug-19,171.9,95.94,10469.1381,46.81,0.12,18726826,47308,1744.105,85.07,87.19,307.21,14.09,902.17,1260.404741,7.5,42182,106.27,1.44,3.89,760063154,106.1,98.58,0.43,79.74,2.13,18.98,395.9857991,282.522931,103.4044189,151155,256.036,89.8,-0.538544,16.77681818,7910.933182,1504.920044
Sep-19,181.97,94.59,10815.75895,47.76,0.01,18744555,78635,2200.566,81.72,83.54,358.21,13.28,877.09,1255.926182,7.6,42491,106.33,1.39,3.8,746886030,104.57,98.73,0.42,80.86,2.04,16.24,347.3947966,186.6406966,90.36798859,151358,256.43,93.2,-0.5059575,15.657,8087.7,1558.75
Oct-19,196.35,92.13,11139.81619,45.64,0.15,18663224,59770,2115.9,84.28,87.42,352.65,13.42,894.74,1301.56568,7.8,42617,95.44,1.431,3.77,734487896,103.78,98.75,0.37,80.97,1.83,13.22,234.0952325,159.5113928,97.83673096,151458,257.155,95.5,-0.5094675,14.7526087,8079.278261,1651.219971
Nov-19,207.49,93.27,11558.85905,45.87,0.23,18740366,73312,2034.538,83.75,84.92,328.38,12.7,870.37,1275.605817,7.9,42895,100.3,1.415,3.73,731768026,102.97,98.35,0.58,80.37,1.55,12.62,396.1790003,170.4803411,73.0783844,151666,257.879,96.8,-0.562748,11.7005,8517.5775,1716.839966
Dec-19,219.76,96.39,11854.08,37.13,0.14,18901441,112765,2803.412,86.85,89.95,386.27,12.65,896.94,1305.843804,8.1,43166,101.4,1.398,3.67,732471090,102.35,98.41,1.15,84.28,1.55,13.78,337.921465,190.5049253,74.27989197,151792,258.63,99.3,-0.539075,11.12238095,8778.591429,1849.619995
Jan-20,224.96,94.04,11962.32333,40.12,-0.27,19203394,62518,1732.375,78.32,80.09,293.27,11.85,751.69,1245.305095,8.1,43548,219.3,1.297,3.64,743250724,101.55,99,1.86,85.3,1.55,18.84,250.3219035,164.7553058,138.4209442,152045,258.906,99.8,-0.586378,12.31285714,9233.359524,1789.930054
Feb-20,219.19,88.83,11623.70474,50.53,-0.11,19360834,57056,1786.165,77.42,79.27,278.83,12,760.75,1089.689642,7.9,43942,113.42,1.434,3.7,741479582,102.37,97.94,-0.2,83.93,1.58,40.11,195.7061694,216.1912124,75.95555878,152309,259.246,101,-0.4920475,13.85473684,9418.848947,1705.540039
Mar-20,190.85,82.55,10138.08864,34.33,-0.16,19437733,58235,2254.751,87.56,89.44,341.91,12.87,850.84,1246.79549,7.8,43871,90.19,1.291,3.72,732155490,102.44,97.5,-0.02,78.51,0.65,53.54,219.402509,425.7791698,81.54003143,150898,258.15,89.1,0.1471175,32.85454545,7772.205909,1510.589966
Apr-20,195.1,81.51,10329.4795,39.3,-0.44,19630514,44330,2230.648,81.23,81.19,318.81,12.39,761.34,1149.652643,7.4,44109,96.74,1.313,4.03,729715844,101.79,97.3,-0.97,73.39,0.05,34.15,328.8054003,400.9447432,69.33940125,130421,256.126,71.8,0.3384475,29.0052381,8292.407143,1731.23999
May-20,202.48,86.03,10876.943,46.52,-0.2,19779854,41879,2232.226,82.42,80.85,317.68,13.19,808.08,1161.082978,6.9,44372,101.31,1.336,4.07,747483108,101.01,97.2,-1.21,64.87,0.05,27.51,501.3344444,503.9633367,68.50721741,133040,255.848,72.3,-0.08036,22.059,9105.6555,1852.48999
Jun-20,216.43,90.42,11489.677,48.85,0.17,20082699,59510,2755.778,85.22,85.67,319.14,13.41,809.34,1206.511855,6.7,44757,100.05,1.135,3.96,733296348,100.16,97.98,-0.74,68.77,0.08,30.43,421.6411109,300.2401727,71.2278595,137655,257.004,78.1,-0.3464125,19.36636364,9839.97,1996.439941
Jul-20,254.3,96.39,12256.21,46.46,0.56,20364727,47498,2508.269,88.2,89.83,324.15,14.35,833.09,1311.107209,6.6,45186,114.04,1.275,4,740810102,99.54,98.1,-0.51,69.43,0.09,24.46,324.6625662,427.9153661,66.47328186,139240,258.408,72.5,-0.431938,19.51545455,10499.86273,2136.409912
Aug-20,284.87,98.9,12743.06667,49.68,0.09,20779465,56169,2498.373,90.24,88.99,349.67,14.15,919.52,1288.064554,6.8,45321,98.37,1.272,3.99,738328911,99.7,98.25,-0.33,71.33,0.1,26.41,451.6310879,263.471434,65.46604919,140774,259.366,74.1,-0.503275,25.26333333,11212.29048,2260.429932
Sep-20,284.62,100.46,12653.01955,46.39,0.08,21011747,57711,2848.603,93.41,95.62,347.08,14.11,903.92,1349.836454,6.8,45377,93.1,1.237,3.83,715736276,99.17,98.16,-0.58,71.6,0.09,26.37,493.4020397,252.5878427,80.37738037,141820,259.951,80.4,-0.4951725,21.84952381,11088.67952,2244.120117
Oct-20,297,101.2,12817.76105,48.41,0.2,21061398,62430,2728.208,91.23,91.54,351.54,13.67,935.88,1309.151051,7.6,45564,90.07,1.222,3.8,711827248,98.39,98.49,-0.26,71.1,0.09,38.02,396.7967499,305.7666267,76.08316803,142493,260.249,81.8,-0.48263,21.98590909,11435.23409,2246.149902
Nov-20,312.5,102.97,13393.84048,49.06,0.27,21419902,57716,3063.858,92.67,94.67,385.32,13.23,921.39,1365.98863,7.5,45932,92.77,1.256,3.75,706152070,98.67,98.44,0.09,72.9,0.09,20.57,661.8280483,327.609605,70.06746674,142761,260.895,76.9,-0.5353275,19.7815,11794.5155,2663.48999
Dec-20,342.21,106.01,14276.87565,43.76,0.18,21957908,83491,3060.396,98,100.6,385.92,13.23,942.9,1420.667927,7.7,46325,90.38,1.291,3.68,711948475,98.28,98.45,0.04,70.9,0.09,22.75,439.1236354,326.6166301,64.06729126,142518,262.005,80.7,-0.5854675,19.65409091,12619.05091,2795.5
Jan-21,399.03,106.53,15552.204,33.68,0.21,22622754,56702,1845.438,95.39,98.01,393.05,12.83,974.87,1433.640732,8.1,46653,130.24,1.212,3.66,729439950,98.18,98.81,-0.19,71.98,0.09,33.09,378.3570531,261.3061328,77.41870117,142916,262.518,79,-0.61089,19.8,13186.60579,2887.080078
Feb-21,425.27,106.12,16080.79462,65.47,-0.15,22956480,68712,1587.894,80.59,80.83,317.33,11.31,788.19,1193.993729,7.5,46841,172.14,1.193,3.7,738077034,98.42,99.29,1.38,74.64,0.08,27.95,237.4086136,187.5196161,73.95680237,143443,263.583,76.8,-0.618495,19.29894737,13737.40368,3067.620117
Mar-21,403.55,105.68,16150.14545,52.31,0.2,22981901,80818,2333.699,102.74,102.21,420.79,13.66,1013.09,1413.07476,8,47246,79.48,1.215,3.67,779703517,98.83,98.69,1.22,76.52,0.07,19.4,302.3005817,166.7855324,78.61876678,144274,264.91,84.9,-0.63479,18.2326087,13168.8113,3124.939941
Apr-21,417.6,106.52,17114.84474,51.56,0.14,23111944,64881,1839.472,94.47,96.57,375.18,13.39,994.72,1399.931643,8.5,47464,87.99,1.308,3.64,817662766,99.41,99.35,2.11,77.28,0.07,18.61,289.6300336,141.3001663,88.16622162,144593,266.752,88.3,-0.666126,15.58863636,13900.4381,3108.98999
May-21,394.5,104.98,16504.41571,49.11,-0.63,23288445,57162,2543.808,98.96,100.07,398.9,14.5,1047.76,1366.842391,7.8,47844,89.9,1.269,4.11,849697271,98.78,99.58,2.45,74.88,0.06,16.76,216.8605591,172.0962089,93.00713348,145044,268.452,82.9,-0.69034,16.7635,13517.6825,3186.560059
Jun-21,409.14,103.82,17282.8181,49.5,-1.18,23569675,62842,1988.229,102.67,101.9,396.81,14.08,1016.29,1290.750429,7.5,48465,87.46,1.096,4.8,880593490,98.92,99.77,1.83,70.48,0.08,15.83,219.7628048,149.1312694,74.12712097,145822,270.664,85.5,-0.6955525,16.06136364,14097.16909,3345.310059
Jul-21,410.85,103.69,17656.94045,48.05,0.58,23760484,75604,2532.311,102.98,102.83,417.79,14.74,1058.49,1353.38857,7.4,48512,109.42,1.22,4.53,919769254,100.28,99.97,1.91,76.92,0.1,18.24,227.9245113,182.1714095,58.42076874,146761,271.994,81.2,-0.664746,15.17857143,14639.07286,3356.530029
Aug-21,409.67,103.63,17131.01,49.09,0.44,23977765,96849,2143.385,104.03,102.71,472.31,14.79,1102.42,1406.052715,7.5,48787,98.1,1.255,4.24,962075050,100.7,100.55,2.34,75.43,0.09,16.48,294.827805,157.195214,89.48654938,147226,272.789,70.3,-0.6394225,15.70272727,14856.51773,3417.719971
Sep-21,419.97,101.84,17281.23,48.66,0.34,24156031,83817,1778.091,105.03,103.83,450.25,14.62,1100.1,1467.052741,7.6,49005,92.2,1.224,3.96,963334500,100.6,100.71,2.6,74.39,0.08,23.14,274.9500231,171.3004477,80.69696808,147706,273.887,72.8,-0.6432975,15.86571429,15023.53857,3258.090088
Oct-21,402.65,101.34,16723.5555,48.82,0.47,24207931,87613,3012.899,102.79,101.14,453.88,14.84,1118.5,1461.13501,8.2,49052,90.71,1.167,3.83,1004347003,101.4,101,2.55,74.26,0.08,16.26,248.4736353,136.920239,79.02923584,148566,276.434,71.7,-0.640602,15.82904762,14879.01238,3451.27002
Nov-21,423.52,102.36,17489.18273,46.74,0.3,24457750,75810,2436.487,104.05,103.87,447.57,13.81,1157.32,1532.249166,8,49320,88.17,1.127,3.66,1020881317,102.04,101.24,2.84,73.33,0.08,27.19,329.069391,175.8728799,86.5691452,149197,278.799,67.4,-0.57524,16.75571429,15814.93286,3833.219971
Dec-21,430.49,104.05,17845.35091,41.98,0.11,24758016,87410,2695.208,106.33,106.02,445.09,13.79,1129.85,1559.573816,8.4,49784,91.35,1.184,3.64,1024516841,102.43,101.04,2.63,73.02,0.08,17.22,344.0033522,201.4336653,105.3454208,149763,280.808,70.6,-0.536514,15.92782609,15474.43182,3946.169922
Jan-22,449.6,103.86,18232.85722,39.22,-0.05,25221943,67403,2197.426,103.39,103.92,445.18,13.34,1105.52,1589.432009,7.9,50211,177.03,1.085,3.61,1036626396,103.13,101.61,2.83,73.67,0.08,24.83,319.0715308,155.279659,138.6749878,150014,282.39,67.2,-0.54316,15.748,14531.3775,3483.209961
Feb-22,436.5,101.37,18056.18133,62.36,-0.29,25498947,62314,1304.16,87.81,84.31,406.31,12.01,1041.6,1251.314361,8,50256,102.97,1.167,3.65,1054094196,103.96,101.6,2.33,73.19,0.08,30.15,167.0818756,140.4425019,216.1590118,150876,284.535,62.8,-0.4661,17.43315789,13898.72789,3429.530029
Mar-22,405.99,99.1,17474.73174,47.04,0.14,25490519,80915,3783.983,105.67,108.38,503.83,14.01,1228.75,1585.923437,8.2,50657,81.58,1.293,3.66,1062769833,105.88,101.92,3.27,72.24,0.2,20.56,359.005179,229.2447417,318.9549255,151370,287.553,59.4,-0.360845,23.87086957,13623.26304,3429
Apr-22,381.79,94.79,16998.77947,47.83,-0.07,25379697,85418,3528.776,98.83,97.69,466.71,13.69,1194.51,1470.442578,8.5,50619,89.89,1.421,3.62,1109184210,108.88,102.7,3.37,71.77,0.33,33.4,337.1537897,168.8277466,191.1430969,151642,288.764,65.2,-0.338076,18.8385,13394.163,2919.73999
May-22,364.84,92.59,16191.99095,48.01,-0.1,25276153,80263,3187.59,100.69,98.49,501.76,14.46,1242.83,1465.479819,8,50575,96.85,1.435,3.68,1145773265,110.66,102.96,3.39,67.81,0.77,26.19,386.7502429,190.4530179,142.2584839,151928,291.359,58.4,-0.2587225,19.52952381,11829.72952,3098.689941
Jun-22,353.57,89,15889.21238,43.97,0.01,25474479,92490,2092.983,100.35,98.55,490.66,14.66,1246.5,1478.144031,8,50497,92.74,1.44,3.74,1149598148,109.99,103.35,3.59,64.14,1.21,28.71,328.0949501,152.810574,130.7073212,152348,294.996,50,-0.1809175,18.27238095,11418.91905,2556.25
Jul-22,318.58,88.08,14566.2519,43.29,0.48,25345565,98487,2275.648,100.53,95.56,497.43,15.3,1289.04,1471.073708,7.6,50518,123.8,1.475,3.78,1186709042,109.71,103.32,3.35,63.05,1.68,21.33,359.9774424,222.7899376,117.1767654,153038,294.977,51.5,-0.182106,19.0725,11622.6315,2967.139893
Aug-22,336.54,86.13,15117.98174,43.48,0.15,25789157,97850,2717.942,101.93,98.24,500.27,15.39,1206.97,1475.027215,7.4,50907,107.9,1.415,3.79,1174996393,109.76,103.24,2.68,63.08,2.33,25.87,260.880967,183.0348268,132.8632202,153281,295.209,58.2,-0.249185,16.1626087,12570.26043,2677.389893
Sep-22,309,84.63,14344.32476,41.23,-0.05,25746139,80762,2607.433,95.86,94.71,452.63,14.61,1151.06,1535.897352,7.1,50826,100.93,1.451,3.66,1159351797,113.19,103.49,2.76,62.59,2.56,31.62,242.5569364,201.7384894,131.9858704,153536,296.341,58.6,-0.155412,18.10380952,11402.85,2306.699951
Oct-22,271,83.92,13107.418,39.94,0.04,25462085,117760,2624.531,94.46,90.14,546.87,14.22,1265.68,1521.764243,7.3,50695,97.52,1.541,3.64,1173639471,115.29,103.77,2.74,61.22,3.08,25.88,259.0492148,207.2753348,143.1624146,153897,297.863,59.9,-0.112495,19.51142857,10801.49429,2384.449951
Nov-22,304.63,85.16,14067.26318,40.17,0.09,25539134,107885,2505.559,94.5,91.34,475.79,13.6,1150.54,1460.904355,7.1,51233,103.76,1.596,3.61,1175219786,113.62,103.62,2.35,60,3.78,20.58,448.5888458,210.3748942,116.7162857,154155,298.648,56.7,-0.1969225,17.14,10973.6381,2826.850098
Dec-22,315.58,86.5,14512.76636,30.83,0.06,25783954,112401,2738.073,94.08,91.52,420.05,13.28,1095.27,1542.781404,7.4,51412,108.78,1.749,3.52,1157957515,110.56,103.78,2.71,59.12,4.1,21.67,310.4969799,150.0371241,111.1959381,154291,298.812,59.8,-0.219594,15.43666667,10838.99571,2532.110107
Jan-23,325.93,88.07,14736.84462,52.02,-0.32,25913076,80913,1898.683,79.18,77.24,403.84,12.19,963.9,1423.781238,7.5,51754,232.77,1.679,3.5,1151327263,109.26,104.71,3.05,59.73,4.33,19.4,275.4135958,161.4271135,103.4179535,154773,300.356,64.9,-0.3101575,16.321,11013.991,2921.919922
Feb-23,354.68,91.71,15529.40333,55.76,-0.13,26016523,84258,2618.424,79.35,79.66,382.2,11.82,937.11,1268.198874,8,52025,120.54,1.702,3.53,1162770141,108.05,104.06,2.42,62.47,4.57,20.7,364.2876774,152.9672811,122.0901642,155060,301.509,66.9,-0.3271575,15.09,11785.07421,2958.389893
Mar-23,356.12,93.14,15652.88,45.72,0.06,26002853,84986,2796.078,89.2,91.94,417.49,13.31,1075.34,1468.961273,8.3,52481,97.23,1.753,3.56,1141952901,107.82,104.32,2.35,64.47,4.65,18.7,516.9768898,200.4899363,105.5579071,155206,301.744,62,-0.155898,17.62565217,11637.09217,3230.860107
Apr-23,348.77,91.32,15728.31471,47.95,-0.04,26059477,61713,2316.566,76.52,79.6,375.87,13.12,1093.82,1355.100147,8.8,52642,113.23,1.843,3.5,1107620943,107.7,105.11,2.35,63.18,4.83,15.78,392.6050466,165.4175591,106.7957993,155484,303.032,63.7,-0.202035,17.73894737,12073.46421,2994.969971
May-23,351.5,89.12,15955.69773,45.32,0.05,26103879,66593,2599.329,84.61,87.97,392.83,14.03,1108.92,1407.259509,8.7,53125,113.15,1.861,3.46,1089761648,107.8,105.04,2.02,63.67,5.06,17.95,233.991581,205.1764577,107.8421249,155787,303.365,59,-0.2465125,17.61363636,12446.53045,3453.179932
Jun-23,384.28,87.7,16983.735,45.19,-0.03,26072303,54722,2126.388,83.1,85.19,366.54,14.07,993.1,1420.827007,8.2,53096,112.34,1.903,3.49,1068864389,107.8,105.16,1.75,66.66,5.08,15.56,290.4076271,179.3080436,111.3787231,156027,304.003,64.2,-0.252694,13.28571429,13463.77762,3673.060059
Jul-23,381.67,91.48,17072.19476,45.91,0.32,26280834,70135,3078.743,85.04,86.66,434.25,14.89,1199.67,1448.733398,7.9,53503,139.68,1.898,3.56,1058804224,108.9,105.26,1.88,68.39,5.12,13.57,233.7482471,132.7106302,106.8144302,156211,304.628,71.5,-0.2864375,12.393,14033.091,3861.629883
Aug-23,366.65,92.63,16648.14273,46.45,0.03,26527742,44081,2552.502,91.05,91.67,401.34,14.97,1181.94,1449.527606,7.8,53601,111.93,1.95,3.56,1073435627,110.84,105.85,2.53,67.51,5.33,13.93,227.1500585,76.84422386,101.8592758,156421,306.187,69.4,-0.3415425,12.31043478,13743.21304,3670.929932
Sep-23,366.14,94.09,16569.9035,44.74,-0.09,26457439,38240,1626.627,89.47,87.89,408.66,14.57,1237.47,1531.04156,7.8,53801,106.87,1.99,3.48,1102367078,111.68,106.52,2.93,66.73,5.33,13.09,249.4848193,117.6987774,98.82456207,156667,307.288,67.8,-0.357566,11.4295,13585.8395,3434.290039
Oct-23,369.82,93.77,16422.4045,44.8,0.1,26306314,54316,2228.247,92.42,89.68,501.66,14.2,1227.36,1540.419806,8.1,53818,96.15,2.051,3.43,1097299029,112.84,106.92,3.04,69.06,5.33,17.61,160.9795223,133.594075,198.1334076,156832,307.531,63.8,-0.3252225,16.14636364,13199.42773,3215.889893
Nov-23,391.72,93.24,16977.86409,44.66,0.06,26314092,48535,2260.698,92.8,90.04,414.77,13.42,1208.08,1534.765813,7.7,54452,100.03,2.028,3.34,1116804391,111.1,106.62,2.9,69.4,5.33,16.87,229.3459707,140.6772042,156.6863251,157014,308.024,61.3,-0.3832375,13.84095238,13913.16048,3724.580078
Dec-23,405.7,97.06,17569.97952,43.69,-0.03,26584852,63374,2360.958,90.48,88.16,396.04,13.42,1255.79,1528.304165,7.7,54896,110.4,2.051,3.33,1102799770,108.75,106.58,2.7,70.06,5.33,12.63,312.794116,107.001579,141.6083221,157304,308.742,69.7,-0.455328,14.876,14690.493,4175.470215
Jan-24,415.78,98.12,17667.52591,33.82,0.06,26834447,41277,2537.25,91.54,92.62,467.69,13.14,1153.96,1614.09126,8.1,55288,153.07,1.949,3.31,1067328699,108.88,106.59,1.8,72.14,5.33,13.2,356.9747165,131.2736786,159.7171783,157560,309.685,79,-0.4922325,13.34428571,15081.38762,4260.919922
Feb-24,456.53,98.22,18611.72308,61.75,-0.25,27179113,28915,1608.689,78.31,74.47,313.18,11.61,985.95,1281.955027,7.9,55788,182.59,1.987,3.39,1095708201,109.53,107.26,3.08,73.22,5.33,13.88,170.8180018,117.446789,146.4831696,157796,311.054,76.9,-0.4816425,11.787,15808.935,4726.919922
Mar-24,505.71,99.1,19843.09,49.87,0.13,27402625,43804,2196.057,92.76,92.49,460.08,13.38,1320.14,1528.614893,7.8,56376,91.1,2.017,3.38,1095708201,110.13,106.56,2.15,73.51,5.33,13.11,242.8466121,126.5564819,132.8448944,158111,312.23,79.4,-0.485348,13.972,16216.2955,4905.209961
